word,type
2 girls 1 cup,obscene
2g1c,obscene
4r5e,obscene
5h1t,swear words
5hit,swear words
5ht,swear words
666,swear words
@$$,swear words
a s s,swear words
a s shole,swear words
a55,swear words
a55hole,swear words
a_s_s,swear words
abbo,racial slur
abeed,racial slur
abuse,threat
acrotomophilia,obscene
addicts,threat
aeolus,ethnic slur
africoon,racial slur
ahole,swear words
alabama hot pocket,obscene
alaskan pipeline,obscene
alligator bait,ethnic slur
alligatorbait,ethnic slur
amcik,gender slur
anal,obscene
analannie,obscene
analprobe,obscene
analsex,gender slur
andskota,obscene
anilingus,obscene
anus,obscene
apeshit,obscene
ar5e,obscene
arabush,obscene
arabushs,obscene
areola,obscene
areole,obscene
argie,racial slur
arian,obscene
armo,racial slur
armos,threat
aroused,obscene
arrse,obscene
arschloch,obscene
arse,obscene
arsehole,swear words
aryan,racial slur
ash0le,swear words
ash0les,swear words
asholes,swear words
ass monkey,swear words
ass,swear words
ass-fucker,gender slur
ass-hat,gender slur
ass-pirate,gender slur
assbag,gender slur
assbagger,gender slur
assbandit,gender slur
assbang,gender slur
assbanged,gender slur
assbanger,gender slur
assbangs,gender slur
assbite,swear words
assblaster,swear words
assclown,swear words
asscock,swear words
asscowboy,swear words
asscracker,swear words
asses,swear words
assface,swear words
assfuck,swear words
assfucker,swear words
assfukka,swear words
assgoblin,swear words
assh0le,swear words
assh0lez,swear words
asshat,swear words
asshead,swear words
assho1e,swear words
asshole,swear words
assholes,swear words
assholz,swear words
asshopper,swear words
asshore,swear words
assjacker,swear words
assjockey,swear words
asskiss,swear words
asskisser,swear words
assklown,swear words
asslick,gender slur
asslicker,gender slur
asslover,gender slur
assman,gender slur
assmaster,gender slur
assmonkey,gender slur
assmunch,obscene
assmuncher,ethnic slur
assnigger,ethnic slur
asspacker,gender slur
asspirate,gender slur
asspuppies,gender slur
assrammer,gender slur
assranger,gender slur
assshit,gender slur
assshole,swear words
asssucker,swear words
asswad,gender slur
asswhole,swear words
asswhore,swear words
asswipe,gender slur
asswipes,gender slur
auto erotic,obscene
autoerotic,obscene
ayir,obscene
azazel,ethnic slur
azz,swear words
azzhole,swear words
b a s t a r d,swear words
b i t c h,swear words
b o o b,obscene
b!+ch,swear words
b!tch,swear words
b!tchin,swear words
b*tch,swear words
b00b,obscene
b00bies,obscene
b00biez,obscene
b00bs,obscene
b00bz,obscene
b17ch,swear words
b1tch,swear words
b7ch,swear words
babeland,obscene
baby batter,obscene
baby juice,obscene
backdoor,gender slur
backdoorman,gender slur
badfuck,gender slur
bagging,gender slur
ball gag,obscene
ball gravy,obscene
ball kicking,obscene
ball licking,obscene
ball sack,obscene
ball sucking,obscene
ballbag,obscene
balllicker,obscene
ballsack,obscene
bampot,obscene
bangbro,obscene
bangbros,obscene
banger,obscene
banging,obscene
bareback,obscene
barely legal,obscene
barelylegal,obscene
barenaked,obscene
bassterd,swear words
bassterds,swear words
bastard,swear words
bastardo,swear words
bastards,swear words
bastardz,swear words
basterds,swear words
basterdz,swear words
bastinado,swear words
bbw,obscene
bdsm,obscene
beaner,racial slur
beaners,racial slur
beaney,racial slur
beaneys,racial slur
beardedclam,racial slur
beaver cleaver,obscene
beaver lips,obscene
beaver,obscene
bestial,obscene
bestiality,obscene
bi+ch,swear words
bi7ch,swear words
biatch,swear words
big black,obscene
big breasts,obscene
big knockers,obscene
big tits,obscene
bigbastard,swear words
bigbreasts,gender slur
bigbutt,gender slur
bigtits,obscene
bimbo,obscene
bimbos,obscene
birdlock,obscene
bitch,swear words
bitchass,obscene
bitched,swear words
bitcher,swear words
bitchers,swear words
bitches,swear words
bitchez,swear words
bitchin,swear words
bitching,swear words
bitchslap,swear words
bitchtit,swear words
bitchy,swear words
biteme,obscene
black cock,obscene
blackcock,obscene
blackman,obscene
blackout,racial slur
blacks,obscene
bloody,swear words
blow j,obscene
blow job,obscene
blow your l,obscene
blow your load,obscene
blowjob,obscene
blowjobs,obscene
blue waffle,obscene
bluegum,obscene
bluegums,obscene
blumpkin,obscene
bo ob,obscene
bo obs,obscene
boang,racial slur
boche,racial slur
boches,racial slur
bogan,racial slur
bohunk,racial slur
boiolas,obscene
bollick,obscene
bollock,obscene
bollocks,obscene
bollok,obscene
bollox,obscene
bombers,threat
bombing,threat
bomd,threat
bondage,obscene
boner,obscene
boners,obscene
bong,obscene
boob,obscene
boobies,obscene
boobs,obscene
booby,obscene
boobz,obscene
boody,obscene
booger,obscene
bookie,obscene
boong,racial slur
boonga,racial slur
boongas,racial slur
booobs,obscene
boooobs,obscene
booooobs,obscene
booooooobs,obscene
bootlip,racial slur
bootlips,racial slur
booty call,obscene
booty,obscene
bootycall,obscene
bosch,racial slur
bounty bar,racial slur
bounty bars,racial slur
bountybar,racial slur
brea5t,gender slur
breastjob,obscene
breastlover,gender slur
breastman,gender slur
buddhahead,racial slur
bugger,gender slur
bukkake,obscene
bulldyke,obscene
bullet vibe,obscene
bullshit,swear words
bullshits,swear words
bullshitted,swear words
bullturds,swear words
bumblefuck,swear words
bumfuck,swear words
bung hole,obscene
bunghole,obscene
burr head,racial slur
burr heads,racial slur
burrhead,racial slur
burrheads,racial slur
buttfuck,gender slur
buttfucker,gender slur
buttfuckers,gender slur
butthole,obscene
c u n t,obscene
c-0-c-k,obscene
c-o-c-k,obscene
c-u-n-t,obscene
c.0.c.k,obscene
c.o.c.k.,obscene
c.u.n.t,obscene
c0ck,obscene
c0cks,obscene
c0cksucker,obscene
c0k,obscene
cabron,obscene
caca,obscene
cacker,obscene
cahone,obscene
camel jockey,obscene
camel jockeys,obscene
camel toe,obscene
cameljockey,obscene
cameltoe,obscene
camgirl,obscene
camslut,obscene
camwhore,obscene
carpet muncher,obscene
carpetmuncher,obscene
cheesehead,racial slur
cheeseheads,racial slur
cherrypopper,racial slur
chickslick,racial slur
china swede,racial slur
china swedes,racial slur
chinaman,racial slur
chinamen,racial slur
chinaswede,racial slur
chinaswedes,racial slur
chinc,racial slur
chincs,racial slur
ching chong,racial slur
ching chongs,racial slur
chinga,racial slur
chingchong,racial slur
chingchongs,racial slur
chink,racial slur
chinks,racial slur
chinky,racial slur
choad,racial slur
chocolate rosebuds,obscene
chode,racial slur
chodes,racial slur
chonkies,racial slur
chonky,racial slur
chonkys,racial slur
chraa,racial slur
christ killer,racial slur
christ killers,racial slur
chug,racial slur
chugs,racial slur
chuj,racial slur
chunger,racial slur
chungers,racial slur
chunkies,racial slur
chunkys,racial slur
circlejerk,obscene
clansman,ethnic slur
clansmen,ethnic slur
clanswoman,ethnic slur
clanswomen,ethnic slur
cleveland steamer,obscene
climax,obscene
clit,obscene
clitface,obscene
clitfuck,obscene
clitoris,obscene
clitorus,obscene
clits,obscene
clitty,obscene
clogwog,obscene
clover clamps,obscene
clusterfuck,obscene
cnts,obscene
cntz,obscene
cnut,obscene
cocain,obscene
cocaine,obscene
cock,obscene
cock-head,obscene
cock-sucker,obscene
cockbite,obscene
cockblock,obscene
cockblocker,obscene
cockburger,obscene
cockcowboy,obscene
cockface,obscene
cockfight,obscene
cockfucker,obscene
cockhead,obscene
cockholster,obscene
cockknob,obscene
cockknocker,obscene
cocklicker,obscene
cocklover,obscene
cockmonkey,obscene
cockmunch,obscene
cockmuncher,obscene
cocknob,obscene
cocknose,obscene
cocknugget,obscene
cockqueen,obscene
cockrider,obscene
cocks,obscene
cockshit,obscene
cocksman,obscene
cocksmith,obscene
cocksmoker,obscene
cocksucer,obscene
cocksuck,obscene
cocksucked,obscene
cocksucker,obscene
cocksucking,obscene
cocksucks,obscene
cocksuka,obscene
cocksukka,obscene
cocktease,obscene
cocky,swear words
cohee,obscene
coital,obscene
cokmuncher,obscene
coksucka,obscene
commie,racial slur
condom,obscene
coochie,obscene
coochy,obscene
coolie,racial slur
coolies,racial slur
cooly,racial slur
coon ass,obscene
coon asses,obscene
coon,obscene
coonass,obscene
coonasses,obscene
coondog,obscene
coons,obscene
cooter,obscene
coprolagnia,obscene
coprophilia,obscene
corksucker,obscene
cornhole,obscene
cowgirl,gender slur
cracker,racial slur
creampie,obscene
cum,obscene
cumbubble,obscene
cumdumpster,obscene
cumfest,obscene
cumjockey,obscene
cumm,obscene
cummer,obscene
cummin,obscene
cumming,obscene
cumquat,obscene
cumqueen,obscene
cums,obscene
cumshot,obscene
cumshots,obscene
cumslut,obscene
cumstain,obscene
cumtart,obscene
cunillingus,gender slur
cunn,gender slur
cunnie,gender slur
cunnilingus,obscene
cunntt,obscene
cunny,obscene
cunt,obscene
cunteyed,obscene
cuntface,obscene
cuntfuck,obscene
cuntfucker,obscene
cunthole,obscene
cunthunter,obscene
cuntlick,obscene
cuntlicker,obscene
cuntlicking,obscene
cuntrag,obscene
cunts,obscene
cuntslut,obscene
cuntsucker,obscene
cuntz,obscene
curry muncher,obscene
curry munchers,obscene
currymuncher,obscene
currymunchers,obscene
cushi,obscene
cushis,obscene
cyalis,obscene
cyberfuc,obscene
cyberfuck,obscene
cyberfucked,obscene
cyberfucker,obscene
cyberfuckers,obscene
cyberfucking,obscene
cybersex,obscene
cyberslimer,obscene
d0ng,swear words
d0uch3,swear words
d0uche,swear words
d1ck,obscene
d1ld0,obscene
d1ldo,obscene
d4mn,swear words
dago,religious slur
dagos,religious slur
dahmer,swear words
damm,swear words
dammit,swear words
damn,swear words
damnation,swear words
damned,swear words
damnit,swear words
darkey,ethnic slur
darkeys,ethnic slur
darkie,racial slur
darkies,ethnic slur
darky,ethnic slur
date rape,obscene
daterape,obscene
datnigga,ethnic slur
dawgie style,obscene
dawgie-style,obscene
daygo,obscene
deapthroat,obscene
deep throat,obscene
deep throating,obscene
deepaction,obscene
deepthroat,obscene
deepthroating,obscene
defecate,obscene
deggo,obscene
dego,obscene
degos,obscene
demon,obscene
dendrophilia,obscene
destroyyourpussy,obscene
deth,obscene
dick pic,obscene
dick,obscene
dick-ish,obscene
dickbag,obscene
dickbeaters,obscene
dickbrain,obscene
dickdipper,obscene
dickface,obscene
dickflipper,obscene
dickforbrains,obscene
dickfuck,obscene
dickhead,swear words
dickheads,swear words
dickhole,obscene
dickish,obscene
dickjuice,obscene
dickless,obscene
dicklick,obscene
dicklicker,obscene
dickman,obscene
dickmilk,obscene
dickpic,obscene
dickripper,obscene
dicks,obscene
dicksipper,obscene
dickslap,obscene
dickwad,obscene
dickweasel,obscene
dickweed,obscene
dickwhipper,obscene
dickwod,obscene
dickzipper,obscene
diddle,obscene
dike,obscene
dild0,obscene
dild0s,obscene
dildo,obscene
dildos,obscene
dilf,obscene
diligaf,obscene
dilld0,obscene
dilld0s,obscene
dillweed,obscene
dingleberries,obscene
dingleberry,obscene
dink,racial slur
dinks,racial slur
dipship,swear words
dipshit,swear words
dipstick,obscene
dirty pillows,obscene
dirty sanchez,racial slur
dix,obscene
dixiedike,obscene
dixiedyke,obscene
dlck,obscene
dog style,obscene
dog-fucker,racial slur
doggie style,obscene
doggie,obscene
doggie-style,obscene
doggiestyle,obscene
doggin,obscene
dogging,obscene
doggy style,obscene
doggy-style,obscene
doggystyle,obscene
dolcett,obscene
dominatrix,obscene
dommes,obscene
doochbag,swear words
doodoo,swear words
doofus,swear words
dookie,swear words
doosh,swear words
dot head,swear words
dot heads,swear words
dothead,swear words
dotheads,swear words
double dong,swear words
double penetration,obscene
doubledong,swear words
doublepenetration,obscene
douch3,swear words
douche bag,swear words
douche,swear words
douche-fag,swear words
douchebag,swear words
douchebags,swear words
douchewaffle,swear words
douchey,swear words
dp action,obscene
dp,racial slur
dpaction,racial slur
dragqueen,gender slur
dragqween,gender slur
dripdick,obscene
drug,threat
dry hump,obscene
dryhump,obscene
dumass,swear words
dumb ass,swear words
dumbass,swear words
dumbasses,swear words
dumbbitch,swear words
dumbfuck,swear words
dumbshit,swear words
dumshit,swear words
dune coon,racial slur
dune coons,racial slur
dupa,obscene
dvda,obscene
dyefly,gender slur
dyke,gender slur
dykes,gender slur
dziwka,gender slur
earotics,obscene
easyslut,obscene
eat my ass,obscene
eatmyass,swear words
eatpussy,obscene
ecchi,obscene
ejackulate,obscene
ejaculate,obscene
ejaculation,obscene
erection,obscene
ero,obscene
erotic,obscene
erotism,obscene
escort,obscene
esqua,obscene
essohbee,obscene
ethical slut,ethnic slur
explosion,threat
f u c k e r,swear words
f u c k e,swear words
f u c k,swear words
f u k,swear words
f*ck,racial slur
f-u-c-k,swear words
f.u.c.k,swear words
f4nny,swear words
f_u_c_k,swear words
facefucker,swear words
fack,gender slur
faeces,gender slur
faen,gender slur
fag,gender slur
fag1t,gender slur
fagbag,gender slur
faget,gender slur
fagfucker,gender slur
fagg,gender slur
fagg1t,gender slur
fagged,gender slur
fagging,gender slur
faggit,gender slur
faggitt,gender slur
faggot,gender slur
faggotcock,gender slur
faggs,gender slur
fagit,gender slur
fagot,gender slur
fagots,gender slur
fags,gender slur
fagt,gender slur
fagtard,gender slur
fagz,gender slur
faig,gender slur
faigs,obscene
faigt,gender slur
fanculo,gender slur
fannybandit,gender slur
fannyflaps,gender slur
fannyfucker,gender slur
fanyy,gender slur
fartknocker,gender slur
farty,gender slur
fastfuck,obscene
fatah,obscene
fatass,obscene
fatfuck,obscene
fatfucker,obscene
fatso,obscene
fck,swear words
fckcum,swear words
fckd,swear words
fcuk,swear words
fcuker,swear words
fcuking,swear words
fecal,obscene
felch,obscene
fellatio,obscene
feltch,obscene
feltcher,obscene
feltching,obscene
female squirting,obscene
femalesquirtin,obscene
femalesquirting,obscene
femdom,obscene
fetish,obscene
ficken,obscene
figging,obscene
fingerbang,obscene
fingerfood,obscene
fingerfuck,gender slur
fingerfucked,gender slur
fingerfucker,gender slur
fingerfuckers,gender slur
fingerfucking,gender slur
fingerfucks,gender slur
fingering,obscene
fisted,obscene
fister,obscene
fistfuck,obscene
fistfucked,obscene
fistfucker,obscene
fistfuckers,obscene
fistfucking,obscene
fistfuckings,obscene
fistfucks,obscene
fisting,obscene
flamer,gender slur
flikker,gender slur
foursome,obscene
fourtwenty,obscene
freakfuck,swear words
freakyfucker,swear words
freefuck,swear words
freex,swear words
frigg,swear words
frigga,swear words
frotting,obscene
fubar,swear words
fucck,swear words
fuck buttons,swear words
fuck,swear words
fuck-tard,swear words
fucka,swear words
fuckable,swear words
fuckass,swear words
fuckbag,swear words
fuckbook,swear words
fuckboy,swear words
fuckbrain,swear words
fuckbuddy,swear words
fuckbutt,swear words
fuckd,swear words
fucked,swear words
fuckedup,swear words
fucker,swear words
fuckers,swear words
fuckersucker,obscene
fuckface,swear words
fuckfest,swear words
fuckfreak,swear words
fuckfriend,obscene
fuckhead,obscene
fuckheads,obscene
fuckher,obscene
fuckhole,swear words
fuckin,swear words
fuckina,swear words
fucking,swear words
fuckingbitch,swear words
fuckings,swear words
fuckingshitmotherfucker,swear words
fuckinnuts,swear words
fuckinright,swear words
fuckit,swear words
fuckknob,swear words
fuckme,swear words
fuckmehard,swear words
fuckmonkey,swear words
fuckn,swear words
fucknugget,swear words
fucknut,swear words
fucknuts,swear words
fucknutt,swear words
fucknutz,swear words
fuckoff,swear words
fuckpig,swear words
fuckr,swear words
fucks,swear words
fuckstick,swear words
fucktard,swear words
fucktards,swear words
fuckup,swear words
fuckwad,swear words
fuckwhit,swear words
fuckwhore,swear words
fuckwit,swear words
fuckwitt,swear words
fuckyou,swear words
fudge packer,obscene
fudgepacker,gender slur
fugly,swear words
fuk,swear words
futanari,obscene
g-spot,obscene
gator bait,racial slur
gatorbait,racial slur
gay sex,obscene
gay,gender slur
gayboy,gender slur
gayking,gender slur
gaygirl,gender slur
gaylord,gender slur
gaymuthafuckinwhore,gender slur
gays,gender slur
gaysex,gender slur
gayz,gender slur
geezer,gender slur
geni,gender slur
genital,gender slur
genitals,obscene
getiton,gender slur
gey,gender slur
giant cock,obscene
ginzo,racial slur
girl on top,obscene
girl on,obscene
girls gone wild,obscene
goatcx,obscene
goatse,obscene
gob,racial slur
god dammit,swear words
god damn,swear words
god damnit,swear words
god-dam,swear words
god-damned,swear words
godam,swear words
godammit,swear words
godamn,swear words
godamnit,swear words
goddam,swear words
goddamit,swear words
goddamm,swear words
goddammit,swear words
goddamn,swear words
goddamned,swear words
goddamnes,swear words
goddamnit,swear words
goddamnmuthafucker,swear words
gokkun,obscene
golden shower,obscene
goldenshower,swear words
golliwog,racial slur
golliwogs,swear words
gook,racial slur
gookeye,racial slur
gookeyes,racial slur
gookies,racial slur
gooks,racial slur
gooky,racial slur
gora,racial slur
goras,racial slur
goregasm,obscene
gotohell,swear words
gringo,racial slur
groid,racial slur
grope,obscene
gspot,obscene
gstring,obscene
gubba,racial slur
gubbas,racial slur
gubs,racial slur
guido,racial slur
guro,obscene
h00r,gender slur
h0ar,gender slur
h0m0,gender slur
h0mo,gender slur
h0r,obscene
h0re,obscene
h4x0r,gender slur
hadji,racial slur
hadjis,racial slur
hairyback,religious slur
hairybacks,religious slur
half breed,racial slur
hand job,obscene
handjob,obscene
haole,racial slur
haoles,racial slur
hapa,racial slur
he11,swear words
headfuck,swear words
hebe,racial slur
hebes,racial slur
heeb,racial slur
heebs,racial slur
helvete,racial slur
henhouse,gender slur
hentai,racial slur
heroin,threat
heshe,gender slur
hijacker,threat
hijacking,threat
hillbilly,racial slur
hindoo,ethnic slur
hiscock,obscene
hitler,racial slur
hitlerism,racial slur
hitlerist,racial slur
hoe,gender slur
hoer,gender slur
hoes,gender slur
holestuffer,gender slur
hom0,gender slur
homey,gender slur
homicide,threat
homo,gender slur
homobangers,gender slur
homodumbshit,gender slur
homoey,gender slur
honger,racial slur
honkers,gender slur
honkey,obscene
honkeys,obscene
honkie,obscene
honkies,obscene
honky,obscene
hooker,obscene
hookers,obscene
hoor,gender slur
hoore,gender slur
hootch,gender slur
hooter,gender slur
hooters,gender slur
hore,gender slur
hori,racial slur
horis,racial slur
horney,obscene
horniest,obscene
horny,obscene
hoser,racial slur
hot carl,obscene
hot chick,obscene
hotdamn,swear words
hotpussy,obscene
hotsex,obscene
how to kill,threat
how to murder,threat
humping,obscene
hymen,racial slur
hymie,racial slur
hymies,racial slur
ikey,religious slur
incest,obscene
indon,racial slur
injun,racial slur
intercourse,obscene
jack off,swear words
jack-off,swear words
jackass,swear words
jackhole,swear words
jackoff,swear words
jackshit,swear words
jacktheripper,swear words
jail bait,obscene
jailbait,obscene
jap,racial slur
japcrap,racial slur
japie,racial slur
japies,racial slur
japs,racial slur
jebus,racial slur
jelly donut,obscene
jerk,swear words
jerk-off,swear words
jerk0ff,swear words
jerked,swear words
jerkoff,swear words
jerry,racial slur
jesuschrist,swear words
jewed,racial slur
jewess,racial slur
jig,racial slur
jiga,racial slur
jigaboo,racial slur
jigaboos,racial slur
jigarooni,racial slur
jigaroonis,racial slur
jigg,racial slur
jigga,racial slur
jiggabo,racial slur
jiggaboo,obscene
jiggabos,racial slur
jiggas,racial slur
jigger,racial slur
jiggerboo,obscene
jiggers,racial slur
jiggs,racial slur
kaffir,religious slur
kaffre,religious slur
kafir,racial slur
katsap,racial slur
katsaps,racial slur
khokhol,racial slur
khokhols,racial slur
kike,ethnic slur
kikes,ethnic slur
killer,threat
kill,threat
kills,threat
kimchis,racial slur
kinbaku,obscene
kink,racial slur
kinkster,obscene
kinky,obscene
kissass,swear words
kkk,ethnic slur
klan,ethnic slur
klansman,ethnic slur
klansmen,ethnic slur
klanswoman,ethnic slur
klanswomen,ethnic slur
klootzak,ethnic slur
knobbing,obscene
knobead,obscene
knobed,obscene
knobend,obscene
knobhead,obscene
knobjocky,obscene
knobjokey,obscene
knobz,obscene
knockers,obscene
knulle,obscene
kock,obscene
kondum,obscene
kondums,obscene
kooch,obscene
kooches,obscene
koon,racial slur
kootch,racial slur
kraut,racial slur
krauts,racial slur
kumming,obscene
kumquat,obscene
kums,obscene
kunilingus,obscene
kunnilingus,obscene
kunt,swear words
kunts,swear words
kuntz,swear words
kushi,racial slur
l3i+ch,swear words
l3i\\+ch,swear words
l3itch,swear words
leatherrestraint,gender slur
lebo,gender slur
lebos,gender slur
lech,gender slur
lemon party,gender slur
lemonparty,gender slur
leper,gender slur
lesbain,gender slur
lesbayn,gender slur
lesbian,gender slur
lesbin,gender slur
lesbo,gender slur
lez,gender slur
lezbe,gender slur
lezbefriends,gender slur
lezbian,gender slur
lezbians,gender slur
lezbo,gender slur
lezbos,gender slur
lezz,gender slur
lezzian,gender slur
lezzie,gender slur
lezzies,gender slur
lezzo,gender slur
lezzy,gender slur
libido,gender slur
licker,obscene
licking,obscene
lickme,obscene
lilniglet,obscene
limey,racial slur
limpdick,obscene
limy,obscene
lingerie,obscene
lipshits,obscene
lipshitz,obscene
livesex,obscene
lmfao,obscene
loadedgun,obscene
lolita,obscene
lovemaking,obscene
lugan,racial slur
m-fucking,swear words
m0f0,swear words
m0fo,swear words
m45terbate,obscene
ma5terb8,obscene
ma5terbate,obscene
mabuno,religious slur
mabunos,obscene
macaca,racial slur
macacas,obscene
magicwand,obscene
mahbuno,religious slur
mahbunos,obscene
make me come,obscene
makemecome,obscene
makemecum,obscene
male squirting,obscene
mamhoon,obscene
mams,obscene
manhater,obscene
manpaste,obscene
maricon,obscene
maricÃ³n,obscene
marijuana,obscene
masochist,obscene
masokist,obscene
massa,racial slur
massterbait,obscene
masstrbait,obscene
masstrbate,obscene
mastabate,obscene
mastabater,obscene
master-bate,obscene
masterb8,obscene
masterbaiter,obscene
masterbat,obscene
masterbat3,obscene
masterbate,obscene
masterbates,obscene
masterbating,obscene
masterbation,obscene
masterbations,obscene
masterblaster,obscene
mastrabator,obscene
masturbat,obscene
masturbate,obscene
masturbating,obscene
masturbation,obscene
mattressprincess,obscene
missionary position,obscene
moron,racial slur
moskal,racial slur
motha fucker,swear words
motha fuker,swear words
motha fukkah,swear words
motha fukker,swear words
mothafuck,swear words
mothafucka,swear words
mothafuckas,swear words
mothafuckaz,swear words
mothafucked,swear words
mothafucker,swear words
mothafuckers,swear words
mothafuckin,swear words
mothafucking,swear words
mothafuckings,swear words
mothafucks,swear words
mother fucker,swear words
mother fukah,swear words
mother fuker,swear words
mother fukkah,swear words
mother fukker,swear words
mother-fucker,swear words
motherfuck,swear words
motherfucka,swear words
motherfucked,swear words
motherfucker,swear words
motherfuckers,swear words
motherfuckin,swear words
motherfucking,swear words
motherfuckings,swear words
motherfuckka,swear words
motherfucks,swear words
motherfvcker,swear words
motherlovebone,obscene
mothrfucker,swear words
mouliewop,obscene
mound of venus,obscene
moundofvenus,obscene
mr hands,obscene
mrhands,obscene
mtherfucker,swear words
mthrfuck,swear words
mthrfucker,swear words
mthrfucking,swear words
mtrfck,swear words
mtrfuck,swear words
mtrfucker,swear words
munt,racial slur
murder,threat
murderer,threat
mutha fucker,swear words
mutha fukah,swear words
mutha fuker,swear words
mutha fukkah,swear words
mutha fukker,swear words
mutha,swear words
muthafecker,swear words
muthafuckaz,swear words
muthafucker,swear words
muthafuckker,swear words
muther,swear words
mutherfucker,swear words
mutherfucking,swear words
muthrfucking,swear words
n1gga,ethnic slur
n1gger,ethnic slur
n1gr,ethnic slur
nad,obscene
nads,obscene
naked,obscene
nambla,obscene
nastt,obscene
nasty,obscene
nastybitch,obscene
nastyho,obscene
nastyslut,obscene
nastywhore,obscene
nawashi,obscene
nazi,racial slur
nazis,ethnic slur
nazism,ethnic slur
necro,racial slur
negres,racial slur
negress,racial slur
negro,racial slur
negroes,racial slur
negroid,racial slur
negros,racial slur
neonazi,ethnic slur
nepesaurio,racial slur
nig nog,obscene
nig,ethnic slur
niga,ethnic slur
nigar,ethnic slur
nigars,ethnic slur
nigas,ethnic slur
niger,ethnic slur
nigerian,ethnic slur
nigerians,ethnic slur
nigers,ethnic slur
nigette,ethnic slur
nigettes,ethnic slur
nigg,ethnic slur
nigg3r,ethnic slur
nigg4h,ethnic slur
nigga,ethnic slur
niggah,ethnic slur
niggahs,ethnic slur
niggar,ethnic slur
niggaracci,ethnic slur
niggard,ethnic slur
niggarded,ethnic slur
niggarding,ethnic slur
niggardliness,ethnic slur
niggardlinesss,ethnic slur
niggardly,ethnic slur
niggards,ethnic slur
niggars,ethnic slur
niggas,ethnic slur
niggaz,ethnic slur
nigger,racial slur
niggerhead,ethnic slur
niggerhole,ethnic slur
niggers,ethnic slur
niggle,ethnic slur
niggled,ethnic slur
niggles,ethnic slur
niggling,ethnic slur
nigglings,ethnic slur
niggor,ethnic slur
niggress,ethnic slur
niggresses,ethnic slur
nigguh,ethnic slur
nigguhs,ethnic slur
niggur,ethnic slur
niggurs,ethnic slur
niglet,ethnic slur
nignog,ethnic slur
nigor,ethnic slur
nigors,ethnic slur
nigr,racial slur
nigra,racial slur
nigras,racial slur
nigre,racial slur
nigres,racial slur
nigress,racial slur
nigs,racial slur
nigur,racial slur
niiger,racial slur
niigr,racial slur
nimphomania,obscene
nip,racial slur
nofuckingway,swear words
nog,racial slur
nsfw images,obscene
nude,obscene
nudger,obscene
nudie,obscene
nudity,obscene
nut sack,obscene
nutfucker,obscene
nutsack,obscene
nymph,obscene
nympho,obscene
nymphomania,obscene
o c k,obscene
octopussy,obscene
omorashi,obscene
one cup two girls,obscene
one guy one jar,obscene
orgasim,obscene
orgasim,obscene
orgasims,obscene
orgasm,obscene
orgasmic,obscene
orgasms,obscene
orgasum,obscene
orgies,obscene
orgy,obscene
oriface,obscene
orifice,obscene
orifiss,obscene
orospu,obscene
osama,racial slur
ovum,obscene
ovums,obscene
p e n i s,obscene
p i s,obscene
p u s s y,obscene
p.u.s.s.y.,obscene
p0rn,obscene
packi,obscene
packie,obscene
packy,obscene
paddy,religious slur
paedophile,obscene
paki,racial slur
pakie,obscene
pakis,obscene
paky,obscene
palesimian,racial slur
pansy,gender slur
panti,obscene
pantie,obscene
panties,obscene
panty,obscene
peckerwood,racial slur
pedobear,obscene
pedophile,obscene
peehole,obscene
pegging,obscene
pen1s,obscene
penetration,obscene
peni5,obscene
penial,obscene
penile,obscene
penis,obscene
penis-breath,obscene
penises,obscene
penisfucker,obscene
penisland,obscene
penislick,obscene
penislicker,obscene
penispuffer,obscene
penthouse,obscene
penus,obscene
penuus,obscene
perse,obscene
perv,obscene
perversion,obscene
phone sex,obscene
phonesex,obscene
pi55,swear words
pickaninny,racial slur
piece of shit,swear words
pieceofshit,swear words
pikey,racial slur
pimp,obscene
pimped,obscene
pimper,obscene
pimpis,obscene
pimpjuic,obscene
pinko,racial slur
pising,obscene
pisof,swear words
piss pig,obscene
piss,swear words
piss-off,swear words
pissed,swear words
pisser,swear words
pissers,swear words
pisses,swear words
pissflaps,swear words
pisshead,swear words
pissin,swear words
pissing,obscene
pissoff,swear words
pisspig,obscene
pistol,swear words
pizda,swear words
playboy,obscene
playgirl,obscene
pleasure chest,obscene
pleasurechest,obscene
pocho,racial slur
pohm,racial slur
pole smoker,obscene
ponyplay,obscene
poo,racial slur
poof,obscene
poon,racial slur
poontang,obscene
poop chute,obscene
poopchute,obscene
porch monkey,racial slur
porn,obscene
porno,obscene
pornography,obscene
pornos,obscene
prairie nigger,racial slur
prick,swear words
prickhead,swear words
pricks,swear words
prig,swear words
prince albert piercing,obscene
propaganda,threat
prostitute,obscene
pthc,obscene
pu55i,obscene
pu55y,obscene
pubes,obscene
puke,racial slur
punany,obscene
pusies,obscene
puss,obscene
pusse,obscene
pussee,obscene
pussi,obscene
pussie,obscene
pussies,obscene
pussy,obscene
pussycat,obscene
pussydestroyer,obscene
pussyeater,obscene
pussyfucker,obscene
pussylicker,obscene
pussylicking,obscene
pussylips,obscene
pussylover,obscene
pussypounder,obscene
pussys,obscene
pusy,obscene
quashie,religious slur
queaf,obscene
queef,obscene
queero,gender slur
queers,gender slur
queerz,gender slur
quim,obscene
r-tard,swear words
r-tards,swear words
r5e,swear words
ra8s,swear words
raghead,religious slur
ragheads,religious slur
raging boner,obscene
rape,threat
raped,threat
raper,threat
raping,threat
rapist,threat
rectum,obscene
redneck,racial slur
redskin,racial slur
reetard,swear words
retards,swear words
reverse cowgirl,obscene
rigger,racial slur
rimjob,obscene
rimming,obscene
rosy palm and her 5 sisters,obscene
rosy palm,obscene
rtard,swear words
rtards,swear words
rusty trombone,obscene
rustytrombone,obscene
s h i t,swear words
s hit,swear words
s&m,obscene
s-h-1-t,swear words
s-h-i-t,swear words
s-o-b,swear words
s.h.i.t.,swear words
s.o.b.,swear words
s0b,swear words
s_h_i_t,swear words
sac,swear words
sack,swear words
sadis,obscene
sadism,obscene
sadist,obscene
sadom,obscene
sambo,racial slur
sambos,racial slur
samckdaddy,obscene
sanchez,racial slur
sand nigger,racial slur
sand niggers,racial slur
sandm,racial slur
sandnigger,racial slur
santorum,obscene
scat,racial slur
schlong,obscene
scissoring,obscene
screwed,swear words
screwing,swear words
screwyou,swear words
semen,obscene
seppo,racial slur
sex,obscene
sexed,obscene
sexfarm,obscene
sexhound,obscene
sexhouse,obscene
sexi,obscene
sexing,obscene
sexkitten,obscene
sexo,obscene
sexpot,obscene
sexslave,obscene
sextogo,obscene
sextoy,obscene
sextoys,obscene
sexual,obscene
sexually,obscene
sexwhore,obscene
sexx,obscene
sexxi,obscene
sexxx,obscene
sexxxi,obscene
sexxxy,obscene
sexxy,obscene
sexy,obscene
sexymoma,obscene
sexyslim,obscene
sh!+,swear words
sh!t,swear words
sh1t,swear words
sh1ter,swear words
sh1ts,swear words
sh1tter,swear words
sh1tz,swear words
shag,obscene
shagger,obscene
shaggin,obscene
shagging,obscene
shamedame,obscene
shaved beaver,obscene
shaved pussy,obscene
shaved,obscene
shavedbeaver,obscene
shavedpussy,obscene
shawtypimp,obscene
sheeney,obscene
shemale,gender slur
shhit,swear words
shi+,swear words
shibari,obscene
shit,swear words
shitass,swear words
shitbag,swear words
shitbagger,swear words
shitblimp,swear words
shitbrain,swear words
shitbreath,swear words
shitcan,swear words
shitcunt,swear words
shitdick,swear words
shite,swear words
shiteater,swear words
shited,swear words
shitey,swear words
shitface,swear words
shitfaced,swear words
shitfit,swear words
shitforbrains,swear words
shitfuck,swear words
shitfucker,swear words
shitfull,swear words
shithapens,swear words
shithappens,swear words
shithead,swear words
shithole,swear words
shithouse,swear words
shiting,swear words
shitings,swear words
shitlist,swear words
shitola,swear words
shitoutofluck,swear words
shits,swear words
shitspitter,swear words
shitstain,swear words
shitt,swear words
shitted,swear words
shitter,swear words
shitters,swear words
shittiest,swear words
shitting,swear words
shittings,swear words
shitty,swear words
shity,swear words
shitz,swear words
shiz,swear words
shota,obscene
shrimping,obscene
shylock,racial slur
sissy,gender slur
sixsixsix,obscene
sixtynine,obscene
sixtyniner,obscene
skeet,obscene
skum,swear words
skumbag,swear words
slant,racial slur
slanteye,obscene
slave,racial slur
slut,swear words
slutbag,swear words
slutdumper,swear words
slutkiss,swear words
sluts,gender slur
slutt,gender slur
slutting,gender slur
slutty,gender slur
slutwear,gender slur
slutwhore,gender slur
slutz,gender slur
smack,racial slur
smut,obscene
snatch,obscene
snigger,racial slur
sniper,threat
snowback,racial slur
snowballing,obscene
socksucker,gender slur
sodom,gender slur
sodomise,gender slur
sodomite,gender slur
sodomize,gender slur
sodomy,gender slur
son of a bitch,swear words
son-of-a-bitch,swear words
sonofabitch,swear words
sonofbitch,swear words
sooty,racial slur
spade,racial slur
sperm,obscene
spermacide,obscene
spermbag,obscene
spermhearder,obscene
spermherder,obscene
sphencter,obscene
spic,racial slur
splooge moose,obscene
splooge,obscene
spooge,obscene
spread legs,obscene
spunk,obscene
squarehead,racial slur
squaw,racial slur
strap on,obscene
strapon,obscene
strappado,obscene
stupidfuck,swear words
stupidfucker,swear words
style doggy,obscene
suck,swear words
suckdick,obscene
sucked,obscene
sucker,obscene
sucking,obscene
suckme,obscene
suckmyass,obscene
suckmydick,obscene
suckmytit,obscene
suckoff,obscene
sucks,swear words
suicide,threat
suicidegirl,threat
suicidegirls,threat
sumofabiatch,swear words
swallow,obscene
swallower,obscene
swalow,obscene
swastika,obscene
swinger,racial slur
syphilis,obscene
t i t,obscene
t i ts,obscene
t1t,obscene
t1tt1e5,obscene
t1tties,obscene
taboo,obscene
taste my,obscene
tea bagging,obscene
terror,threat
terrorist,racial slur
teste,obscene
testee,obscene
testes,obscene
testical,obscene
testicle,obscene
testicles,obscene
testis,obscene
thicklip,obscene
thicklips,obscene
thirdeye,obscene
thirdleg,obscene
threesome,obscene
threeway,obscene
throat,obscene
throating,obscene
thug,racial slur
tied up,obscene
tight white,obscene
timber nigger,racial slur
timber niggers,racial slur
timbernigger,racial slur
tinkle,obscene
tit,obscene
titbitnipply,obscene
titfuck,obscene
titfucker,obscene
titfuckin,obscene
titjob,obscene
titlicker,obscene
titlover,obscene
tits,obscene
titt,obscene
tittie,obscene
tittie5,obscene
tittiefucker,obscene
titties,obscene
tittis,obscene
titty,obscene
tittyfuck,obscene
tittyfucker,obscene
tittys,obscene
tittywank,obscene
titwank,obscene
tity,obscene
to murder,threat
toke,obscene
tongethruster,obscene
topless,obscene
tortur,threat
torture,threat
tosser,obscene
towel head,obscene
towel heads,obscene
towelhead,obscene
trailertrash,obscene
tramp,gender slur
trannie,gender slur
tranny,gender slur
transsexual,gender slur
transvestite,gender slur
trashy,gender slur
tribadism,obscene
triplex,gender slur
trisexual,gender slur
trois,gender slur
trojan,ethnic slur
trombone,gender slur
trots,gender slur
tub girl,obscene
tubgirl,obscene
tuckahoe,gender slur
tunneloflove,obscene
turd,gender slur
turnon,obscene
tush,gender slur
tushy,obscene
tw4t,obscene
twat,obscene
twathead,obscene
twatlips,obscene
twats,obscene
twatty,obscene
twatwaffle,obscene
twink,racial slur
twinkie,racial slur
two girls one cup,obscene
ukrop,religious slur
uncle tom,racial slur
undressing,obscene
v a g i n a,obscene
va1jina,obscene
vag,obscene
vag1na,obscene
vagiina,obscene
vagina,obscene
vaginal,obscene
vaj1na,obscene
vajina,obscene
venus mound,obscene
vibrator,obscene
vietcong,racial slur
violet wand,obscene
virginbreaker,obscene
vorarephilia,obscene
voyeur,obscene
vulva,obscene
wab,racial slur
wank,obscene
wanker,racial slur
weirdo,swear words
wench,gender slur
wet dream,obscene
wetb,gender slur
wetback,racial slur
wetbacks,gender slur
wetdream,gender slur
wetspot,gender slur
wh00r,gender slur
wh0re,gender slur
wh0reface,gender slur
white power,racial slur
white trash,racial slur
whitenigger,racial slur
whitepower,racial slur
whites,racial slur
whitetrash,racial slur
whitey,racial slur
whiteys,racial slur
whities,racial slur
whore,gender slur
whorealicious,gender slur
whorebag,gender slur
whored,gender slur
whoreface,gender slur
whorefucker,gender slur
whorehopper,gender slur
whorehouse,gender slur
whores,gender slur
whoring,gender slur
wiggers,racial slur
willie,racial slur
willies,racial slur
williewanker,racial slur
willy,racial slur
yank,racial slur
yaoi,obscene
yid,racial slur
yids,racial slur
yiffy,obscene
zipperhead,racial slur
zipperheads,racial slur
zoophilia,obscene
ðŸ–•,swear words
klukluxklan,ethnic slur
kukluxklan,ethnic slur
kukluxkan,ethnic slur
kluklaxklan,ethnic slur
klukaxklan,ethnic slur
klukaxkan,ethnic slur
kukaxkan,ethnic slur
bomb,threat
